Sno,Company,Role,Salary,
1,Siemens Technology India,Full Stack Developer,780000,1
2,Sapiens,Full Stack Engineer,779263,0
3,Barclays,Full Stack Developer,928743,0
4,JPMorgan Chase & Co.,Java Full Stack Developer,2800000,0
5,CRaBS Associates,Java Full Stack Developer,,-1
6,GE Healthcare,Software Engineer,1077005,2
7,Commvault,Full Stack Developers,1387361,2
8,BYJU'S,UI / Frontend Developer,747000,0
9,BETSOL,Back End Developer,463961,0
10,1st Main,Full Stack Developer,,-1
11,Hitachi Vantara,Software Engineer - Full Stack Developer (1006232),2052661,1
12,Mindera,NET Full Stack Developer,,-1
13,6sense,Full Stack Engineer,,-1
14,Fractal,Senior Full Stack Developer,1007768,1
15,Johnson Controls,Full Stack Engineer,1088718,0
16,Crediwatch,Full Stack Developer - Python,801527,0
17,Avaamo,Full Stack Developer,801527,0
18,Goldman Sachs,"IMD Research Full Stack Developer - Equities, Research & QIS",2072680,0
19,Goldman Sachs,"IMD Research Full Stack Developer - Equities, Research & QIS",2072680,0
20,FlytBase,Full Stack Developer,628281,2
21,AMW Motors Ltd,JAVA Full Stack Developer,38515,0
22,Abzooba,Java full stack developer,,-1
23,NextjobHunt.com,Full Stack Developer,,-1
24,F5,Principal Software Engineer-Java Full Stack Developer (10+ years),,-1
25,OneOrigin,Full Stack Developer,337494,0
26,Carrier HVAC,Full Stack developer,1267121,0
27,Conigital Group,Full Stack JavaScript Developer,,-1
28,Webscale Networks,Software Engineer,,-1
29,A.P. Moller - Maersk,Full Stack Engineer,1500000,0
30,Solvative,Full Stack Developer,,-1
31,KyePot,KyePot Technologies - Full Stack Developer - Java/Spring Boot/Microservices (4-15 yrs) Bangalore (Backend Developer),675941,0
32,Evertz,Full Stack Engineer,2500000,0
33,Neemtree,Full Stack Developer,,-1
34,Trillbit,Full - Stack Developer,1500000,0
35,ImageKit.io,Full Stack Engineer,814792,0
36,oneDPO,Full Stack Engineer,,-1
37,Rapyder (Hiring Cloud Engineering Talent!!),Full Stack Java Developer,,-1
38,Localytee,Full Stack Engineer,,-1
39,SapienHR® Analytics,Full Stack Engineer - Java/Python/C# (3-8 yrs) Bangalore (Backend Developer),,-1
40,EPAM Systems,Full Stack Engineer,612025,0
41,OnceHub,Full Stack Developer,1260501,2
42,Locobuzz,Full Stack Engineer,287214,0
43,AppDirect,"Staff Full Stack Engineer, AppHelp",2645324,1
44,SmartServ,Full Stack Developer,1084800,0
45,Arcadis,Software Engineer (Full Stack Developer),,-1
46,ContactWise,Full Stack Developer,,-1
47,Connecting Work People AB,Full-stack Developer,,-1
48,Digital TaaS,Fullstack Developer,,-1
49,Luxoft,Fullstack Java Developer-- Luxoft India,3909301,0
50,Coda Global,Full Stack Engineer,752965,0
51,Paxcom India (P) Ltd - A Paymentus Company,Full stack (Nodejs) Developer,,-1
